{
  "project_info": {
    "project_number": "656291102872",
    "firebase_url": "https://macrotech-44e5c.firebaseio.com",
    "project_id": "macrotech-44e5c",
    "storage_bucket": "macrotech-44e5c.appspot.com"
  },
  "client": [
    {
      "client_info": {
        "mobilesdk_app_id": "1:656291102872:android:666df45903257e1a9910ed",
        "android_client_info": {
          "package_name": "com.example.check"
        }
      },
      "oauth_client": [
        {
          "client_id": "656291102872-kip4vrdsdp1flulb4dof6gell8040ipu.apps.googleusercontent.com",
          "client_type": 1,
          "android_info": {
            "package_name": "com.example.check",
            "certificate_hash": "9173f07bfa65e41a538817133ab41036c3c73171"
          }
        },
        {
          "client_id": "656291102872-lujof4rnu4looa4jq46rphqnrvukivdk.apps.googleusercontent.com",
          "client_type": 3
        }
      ],
      "api_key": [
        {
          "current_key": "AIzaSyCPR_qVnujXgwpB3QteMfGOQckrpxeurQk"
        }
      ],
      "services": {
        "appinvite_service": {
          "other_platform_oauth_client": [
            {
              "client_id": "656291102872-lujof4rnu4looa4jq46rphqnrvukivdk.apps.googleusercontent.com",
              "client_type": 3
            }
          ]
        }
      }
    },
    {
      "client_info": {
        "mobilesdk_app_id": "1:656291102872:android:c7dc2ba7db6f5d80",
        "android_client_info": {
          "package_name": "com.example.macrotechlogin"
        }
      },
      "oauth_client": [
        {
          "client_id": "656291102872-82809idlaqcfumm4h6sir48ijq11kvbe.apps.googleusercontent.com",
          "client_type": 1,
          "android_info": {
            "package_name": "com.example.macrotechlogin",
            "certificate_hash": "9173f07bfa65e41a538817133ab41036c3c73171"
          }
        },
        {
          "client_id": "656291102872-lujof4rnu4looa4jq46rphqnrvukivdk.apps.googleusercontent.com",
          "client_type": 3
        }
      ],
      "api_key": [
        {
          "current_key": "AIzaSyCPR_qVnujXgwpB3QteMfGOQckrpxeurQk"
        }
      ],
      "services": {
        "appinvite_service": {
          "other_platform_oauth_client": [
            {
              "client_id": "656291102872-lujof4rnu4looa4jq46rphqnrvukivdk.apps.googleusercontent.com",
              "client_type": 3
            }
          ]
        }
      }
    },
    {
      "client_info": {
        "mobilesdk_app_id": "1:656291102872:android:96fe8f22cb5b611b",
        "android_client_info": {
          "package_name": "com.example.mtech"
        }
      },
      "oauth_client": [
        {
          "client_id": "656291102872-rbj11n0g81qdmrmv4bv596tcus9tlkep.apps.googleusercontent.com",
          "client_type": 1,
          "android_info": {
            "package_name": "com.example.mtech",
            "certificate_hash": "9173f07bfa65e41a538817133ab41036c3c73171"
          }
        },
        {
          "client_id": "656291102872-lujof4rnu4looa4jq46rphqnrvukivdk.apps.googleusercontent.com",
          "client_type": 3
        }
      ],
      "api_key": [
        {
          "current_key": "AIzaSyCPR_qVnujXgwpB3QteMfGOQckrpxeurQk"
        }
      ],
      "services": {
        "appinvite_service": {
          "other_platform_oauth_client": [
            {
              "client_id": "656291102872-lujof4rnu4looa4jq46rphqnrvukivdk.apps.googleusercontent.com",
              "client_type": 3
            }
          ]
        }
      }
    }
  ],
  "configuration_version": "1"
}